<?xml version="1.0" encoding="UTF-8"?>
<rss version="2.0" xmlns:excerpt="http://wordpress.org/export/1.2/excerpt/" xmlns:content="http://purl.org/rss/1.0/modules/content/" xmlns:wfw="http://wellformedweb.org/CommentAPI/" xmlns:dc="http://purl.org/dc/elements/1.1/" xmlns:wp="http://wordpress.org/export/1.2/">
  <channel>
    <title>AG1 Clone</title>
    <link>https://ag1clone.com</link>
    <description>AG1 website clone for WordPress/Elementor</description>
    <pubDate>Mon, 26 May 2025 16:09:28 GMT</pubDate>
    <language>en-US</language>
    <wp:wxr_version>1.2</wp:wxr_version>
    <wp:base_site_url>https://ag1clone.com</wp:base_site_url>
    <wp:base_blog_url>https://ag1clone.com</wp:base_blog_url>
    <item>
      <title>Home</title>
      <link>https://ag1clone.com/</link>
      <pubDate>Mon, 26 May 2025 16:09:28 GMT</pubDate>
      <dc:creator>admin</dc:creator>
      <guid isPermaLink="false">https://ag1clone.com/?page_id=1</guid>
      <description/>
      <content:encoded>&lt;!-- wp:elementor/elementor {"id":1,"title":"Home"} --&gt;
        &lt;div class="elementor elementor-1"&gt;
          &lt;div class="elementor-section-wrap"&gt;
            &lt;section class="elementor-section elementor-top-section"&gt;
              &lt;div class="elementor-container"&gt;
                &lt;div class="elementor-row"&gt;
                  &lt;div class="elementor-column"&gt;
                    &lt;div class="elementor-column-wrap"&gt;
                      &lt;div class="elementor-widget-wrap"&gt;
                        &lt;div class="elementor-element"&gt;
                          &lt;h1&gt;One Daily Drink for Better Health&lt;/h1&gt;
                          &lt;p&gt;AG1 is a comprehensive nutritional supplement that helps fill the gaps in your diet with high-quality ingredients.&lt;/p&gt;
                          &lt;a href="#shop-now" class="elementor-button"&gt;Shop Now&lt;/a&gt;
                        &lt;/div&gt;
                      &lt;/div&gt;
                    &lt;/div&gt;
                  &lt;/div&gt;
                &lt;/div&gt;
              &lt;/div&gt;
            &lt;/section&gt;
            &lt;!-- Additional sections would be added here --&gt;
          &lt;/div&gt;
        &lt;/div&gt;
        &lt;!-- /wp:elementor/elementor --&gt;</content:encoded>
      <excerpt:encoded/>
      <wp:post_id>1</wp:post_id>
      <wp:post_date>2025-05-26T16:09:28.589Z</wp:post_date>
      <wp:post_date_gmt>2025-05-26T16:09:28.589Z</wp:post_date_gmt>
      <wp:comment_status>closed</wp:comment_status>
      <wp:ping_status>closed</wp:ping_status>
      <wp:post_name>home</wp:post_name>
      <wp:status>publish</wp:status>
      <wp:post_parent>0</wp:post_parent>
      <wp:menu_order>0</wp:menu_order>
      <wp:post_type>page</wp:post_type>
      <wp:post_password/>
      <wp:is_sticky>0</wp:is_sticky>
      <wp:postmeta>
        <wp:meta_key>_elementor_edit_mode</wp:meta_key>
        <wp:meta_value>builder</wp:meta_value>
      </wp:postmeta>
      <wp:postmeta>
        <wp:meta_key>_elementor_template_type</wp:meta_key>
        <wp:meta_value>page</wp:meta_value>
      </wp:postmeta>
      <wp:postmeta>
        <wp:meta_key>_elementor_version</wp:meta_key>
        <wp:meta_value>3.5.0</wp:meta_value>
      </wp:postmeta>
    </item>
    <item>
      <title>About</title>
      <link>https://ag1clone.com/about</link>
      <pubDate>Mon, 26 May 2025 16:09:28 GMT</pubDate>
      <dc:creator>admin</dc:creator>
      <guid isPermaLink="false">https://ag1clone.com/?page_id=2</guid>
      <description/>
      <content:encoded>&lt;!-- wp:elementor/elementor {"id":2,"title":"About"} --&gt;
        &lt;div class="elementor elementor-2"&gt;
          &lt;div class="elementor-section-wrap"&gt;
            &lt;section class="elementor-section elementor-top-section"&gt;
              &lt;div class="elementor-container"&gt;
                &lt;div class="elementor-row"&gt;
                  &lt;div class="elementor-column"&gt;
                    &lt;div class="elementor-column-wrap"&gt;
                      &lt;div class="elementor-widget-wrap"&gt;
                        &lt;div class="elementor-element"&gt;
                          &lt;h1&gt;Our Story&lt;/h1&gt;
                          &lt;p&gt;AG1 was born from a simple idea: comprehensive nutrition shouldn't be complicated.&lt;/p&gt;
                        &lt;/div&gt;
                      &lt;/div&gt;
                    &lt;/div&gt;
                  &lt;/div&gt;
                &lt;/div&gt;
              &lt;/div&gt;
            &lt;/section&gt;
            &lt;!-- Additional sections would be added here --&gt;
          &lt;/div&gt;
        &lt;/div&gt;
        &lt;!-- /wp:elementor/elementor --&gt;</content:encoded>
      <excerpt:encoded/>
      <wp:post_id>2</wp:post_id>
      <wp:post_date>2025-05-26T16:09:28.589Z</wp:post_date>
      <wp:post_date_gmt>2025-05-26T16:09:28.589Z</wp:post_date_gmt>
      <wp:comment_status>closed</wp:comment_status>
      <wp:ping_status>closed</wp:ping_status>
      <wp:post_name>about</wp:post_name>
      <wp:status>publish</wp:status>
      <wp:post_parent>0</wp:post_parent>
      <wp:menu_order>0</wp:menu_order>
      <wp:post_type>page</wp:post_type>
      <wp:post_password/>
      <wp:is_sticky>0</wp:is_sticky>
      <wp:postmeta>
        <wp:meta_key>_elementor_edit_mode</wp:meta_key>
        <wp:meta_value>builder</wp:meta_value>
      </wp:postmeta>
      <wp:postmeta>
        <wp:meta_key>_elementor_template_type</wp:meta_key>
        <wp:meta_value>page</wp:meta_value>
      </wp:postmeta>
      <wp:postmeta>
        <wp:meta_key>_elementor_version</wp:meta_key>
        <wp:meta_value>3.5.0</wp:meta_value>
      </wp:postmeta>
    </item>
    <item>
      <title>Products</title>
      <link>https://ag1clone.com/products</link>
      <pubDate>Mon, 26 May 2025 16:09:28 GMT</pubDate>
      <dc:creator>admin</dc:creator>
      <guid isPermaLink="false">https://ag1clone.com/?page_id=3</guid>
      <description/>
      <content:encoded>&lt;!-- wp:elementor/elementor {"id":3,"title":"Products"} --&gt;
        &lt;div class="elementor elementor-3"&gt;
          &lt;div class="elementor-section-wrap"&gt;
            &lt;section class="elementor-section elementor-top-section"&gt;
              &lt;div class="elementor-container"&gt;
                &lt;div class="elementor-row"&gt;
                  &lt;div class="elementor-column"&gt;
                    &lt;div class="elementor-column-wrap"&gt;
                      &lt;div class="elementor-widget-wrap"&gt;
                        &lt;div class="elementor-element"&gt;
                          &lt;h1&gt;Our Products&lt;/h1&gt;
                          &lt;p&gt;Discover our range of products designed to support your health journey.&lt;/p&gt;
                        &lt;/div&gt;
                      &lt;/div&gt;
                    &lt;/div&gt;
                  &lt;/div&gt;
                &lt;/div&gt;
              &lt;/div&gt;
            &lt;/section&gt;
            &lt;!-- Additional sections would be added here --&gt;
          &lt;/div&gt;
        &lt;/div&gt;
        &lt;!-- /wp:elementor/elementor --&gt;</content:encoded>
      <excerpt:encoded/>
      <wp:post_id>3</wp:post_id>
      <wp:post_date>2025-05-26T16:09:28.589Z</wp:post_date>
      <wp:post_date_gmt>2025-05-26T16:09:28.589Z</wp:post_date_gmt>
      <wp:comment_status>closed</wp:comment_status>
      <wp:ping_status>closed</wp:ping_status>
      <wp:post_name>products</wp:post_name>
      <wp:status>publish</wp:status>
      <wp:post_parent>0</wp:post_parent>
      <wp:menu_order>0</wp:menu_order>
      <wp:post_type>page</wp:post_type>
      <wp:post_password/>
      <wp:is_sticky>0</wp:is_sticky>
      <wp:postmeta>
        <wp:meta_key>_elementor_edit_mode</wp:meta_key>
        <wp:meta_value>builder</wp:meta_value>
      </wp:postmeta>
      <wp:postmeta>
        <wp:meta_key>_elementor_template_type</wp:meta_key>
        <wp:meta_value>page</wp:meta_value>
      </wp:postmeta>
      <wp:postmeta>
        <wp:meta_key>_elementor_version</wp:meta_key>
        <wp:meta_value>3.5.0</wp:meta_value>
      </wp:postmeta>
    </item>
    <item>
      <title>Contact</title>
      <link>https://ag1clone.com/contact</link>
      <pubDate>Mon, 26 May 2025 16:09:28 GMT</pubDate>
      <dc:creator>admin</dc:creator>
      <guid isPermaLink="false">https://ag1clone.com/?page_id=4</guid>
      <description/>
      <content:encoded>&lt;!-- wp:elementor/elementor {"id":4,"title":"Contact"} --&gt;
        &lt;div class="elementor elementor-4"&gt;
          &lt;div class="elementor-section-wrap"&gt;
            &lt;section class="elementor-section elementor-top-section"&gt;
              &lt;div class="elementor-container"&gt;
                &lt;div class="elementor-row"&gt;
                  &lt;div class="elementor-column"&gt;
                    &lt;div class="elementor-column-wrap"&gt;
                      &lt;div class="elementor-widget-wrap"&gt;
                        &lt;div class="elementor-element"&gt;
                          &lt;h1&gt;Contact Us&lt;/h1&gt;
                          &lt;p&gt;We're here to help with any questions about our products or your order.&lt;/p&gt;
                        &lt;/div&gt;
                      &lt;/div&gt;
                    &lt;/div&gt;
                  &lt;/div&gt;
                &lt;/div&gt;
              &lt;/div&gt;
            &lt;/section&gt;
            &lt;!-- Additional sections would be added here --&gt;
          &lt;/div&gt;
        &lt;/div&gt;
        &lt;!-- /wp:elementor/elementor --&gt;</content:encoded>
      <excerpt:encoded/>
      <wp:post_id>4</wp:post_id>
      <wp:post_date>2025-05-26T16:09:28.589Z</wp:post_date>
      <wp:post_date_gmt>2025-05-26T16:09:28.589Z</wp:post_date_gmt>
      <wp:comment_status>closed</wp:comment_status>
      <wp:ping_status>closed</wp:ping_status>
      <wp:post_name>contact</wp:post_name>
      <wp:status>publish</wp:status>
      <wp:post_parent>0</wp:post_parent>
      <wp:menu_order>0</wp:menu_order>
      <wp:post_type>page</wp:post_type>
      <wp:post_password/>
      <wp:is_sticky>0</wp:is_sticky>
      <wp:postmeta>
        <wp:meta_key>_elementor_edit_mode</wp:meta_key>
        <wp:meta_value>builder</wp:meta_value>
      </wp:postmeta>
      <wp:postmeta>
        <wp:meta_key>_elementor_template_type</wp:meta_key>
        <wp:meta_value>page</wp:meta_value>
      </wp:postmeta>
      <wp:postmeta>
        <wp:meta_key>_elementor_version</wp:meta_key>
        <wp:meta_value>3.5.0</wp:meta_value>
      </wp:postmeta>
    </item>
  </channel>
</rss>